item_id,study_title,polluted_count,recognised_count,neutral_count,model_count,polluted_rate,recognised_rate,Title_New,citations,retraction_date_meta,theme,theme_assignment_method,Condition (disease),years_since_retraction
1,Influence of different volume therapies on platelet function in the critically ill,4,1,9,14,0.2857142857142857,0.07142857142857142,Influence of different volume therapies on platelet function in the critically ill,98,2023-04-11,Volume therapy & colloids,locked 100-item mapping,Platelet function in the critically ill,3.3921971252566734
2,Efficacy and safety of mycophenolate mofetil in patients with active moderate-to-severe Graves’ orbitopathy,4,0,10,14,0.2857142857142857,0.0,Efficacy and safety of mycophenolate mofetil in patients with active moderate-to-severe Graves¡¯ orbitopathy,94,2023-02-24,Autoimmune & inflammatory,locked 100-item mapping,Graves' orbitopathy,3.5181382614647503
3,Low-molecular weight heparin in patients with recurrent early miscarriages of unknown aetiology,0,0,14,14,0.0,0.0,Low-molecular weight heparin in patients with recurrent early miscarriages of unknown aetiology,187,2022-11-11,Other,locked 100-item mapping,Recurrent early miscarriages of unknown aetiology,3.805612594113621
4,Preoperative plasmapheresis in patients undergoing cardiac surgery procedures,2,1,11,14,0.14285714285714285,0.07142857142857142,Preoperative plasmapheresis in patients undergoing cardiac surgery procedures,90,2022-10-13,Other,locked 100-item mapping,Cardiac surgery procedures,3.885010266940452
5,"Safety and efficacy of tramadol in the treatment of premature ejaculation: a double-blind, placebo-controlled, fixed-dose, randomized study",5,0,9,14,0.35714285714285715,0.0,"Safety and efficacy of tramadol in the treatment of premature ejaculation: a double-blind, placebo-controlled, fixed-dose, randomized study",161,2022-03-01,Other,locked 100-item mapping,Premature ejaculation,4.503764544832307
6,Vaginal progesterone for prevention of preterm labor in asymptomatic twin pregnancies with sonographic short cervix: a randomized clinical trial of efficacy and safety,1,0,13,14,0.07142857142857142,0.0,Vaginal progesterone for prevention of preterm labor in asymptomatic twin pregnancies with sonographic short cervix: a randomized clinical trial of efficacy and safety,90,2021-07-27,Pregnancy & reproductive,locked 100-item mapping,Preterm labor in asymptomatic twin pregnancies with sonographic short cervix,5.0978781656399725
7,"Vitamin D supplementation affects serum high-sensitivity C-reactive protein, insulin resistance, and biomarkers of oxidative stress in pregnant women",8,0,6,14,0.5714285714285714,0.0,"Vitamin D supplementation affects serum high-sensitivity C-reactive protein, insulin resistance, and biomarkers of oxidative stress in pregnant women",188,2021-05-11,Vitamin D supplementation,locked 100-item mapping,"Serum high-sensitivity c-reactive protein, insulin resistance, and biomarkers of oxidative stress in pregnant women",5.308692676249144
8,"Vitamin D supplementation affects the beck depression inventory, insulin resistance, and biomarkers of oxidative stress in patients with major depressive disorder: a randomized, controlled clinical trial",9,0,5,14,0.6428571428571429,0.0,"Vitamin D supplementation affects the beck depression inventory, insulin resistance, and biomarkers of oxidative stress in patients with major depressive disorder: a randomized, controlled clinical trial",224,2021-05-11,Vitamin D supplementation,locked 100-item mapping,Major depressive disorder,5.308692676249144
9,"Effects of vitamin D supplementation on glucose metabolism, lipid concentrations, inflammation, and oxidative stress in gestational diabetes: a double-blind randomized controlled clinical trial",9,0,5,14,0.6428571428571429,0.0,"Effects of vitamin D supplementation on glucose metabolism, lipid concentrations, inflammation, and oxidative stress in gestational diabetes: a double-blind randomized controlled clinical trial",289,2021-05-08,Vitamin D supplementation,locked 100-item mapping,Gestational diabetes,5.316906228610541
10,"Magnesium supplementation affects metabolic status and pregnancy outcomes in gestational diabetes: a randomized, double-blind, placebo-controlled trial",9,0,5,14,0.6428571428571429,0.0,"Magnesium supplementation affects metabolic status and pregnancy outcomes in gestational diabetes: a randomized, double-blind, placebo-controlled trial",91,2021-05-08,Pregnancy & reproductive,locked 100-item mapping,Gestational diabetes,5.316906228610541
11,Long-term follow-up after sleeve gastrectomy versus Roux-en-Y gastric bypass versus one-anastomosis gastric bypass: a prospective randomized comparative study of weight loss and remission of comorbidities,0,0,14,14,0.0,0.0,Long-term follow-up after sleeve gastrectomy versus Roux-en-Y gastric bypass versus one-anastomosis gastric bypass: a prospective randomized comparative study of weight loss and remission of comorbidities,134,2021-01-16,Other,locked 100-item mapping,Sleeve gastrectomy versus?roux-en-y gastric bypass versus?one-anastomosis gastric bypass,5.623545516769336
12,The influence of volume therapy and pentoxifylline infusion on circulating adhesion molecules in trauma patients,5,2,7,14,0.35714285714285715,0.14285714285714285,The influence of volume therapy and pentoxifylline infusion on circulating adhesion molecules in trauma patients,69,2021-01-14,Volume therapy & colloids,locked 100-item mapping,Trauma patients,5.6290212183436
13,Influence of different intravascular volume therapies on platelet function in patients undergoing cardiopulmonary bypass,1,0,13,14,0.07142857142857142,0.0,Influence of different intravascular volume therapies on platelet function in patients undergoing cardiopulmonary bypass,173,2020-11-01,Volume therapy & colloids,locked 100-item mapping,Platelet function in patients undergoing cardiopulmonary bypass,5.831622176591376
14,The influence of different intravascular volume replacement regimens on renal function in the elderly,0,1,13,14,0.0,0.07142857142857142,The influence of different intravascular volume replacement regimens on renal function in the elderly,119,2020-11-01,Volume therapy & colloids,locked 100-item mapping,Renal function,5.831622176591376
15,Clomiphene citrate or letrozole for ovulation induction in women with polycystic ovarian syndrome: a prospective randomized trial,0,0,14,14,0.0,0.0,Clomiphene citrate or letrozole for ovulation induction in women with polycystic ovarian syndrome: a prospective randomized trial,265,2020-09-08,PCOS & ovulation induction,locked 100-item mapping,Polycystic ovary syndrome,5.979466119096509
16,Letrozole versus combined metformin and clomiphene citrate for ovulation induction in clomiphene-resistant women with polycystic ovary syndrome: a randomized controlled trial,9,0,5,14,0.6428571428571429,0.0,Letrozole versus combined metformin and clomiphene citrate for ovulation induction in clomiphene-resistant women with polycystic ovary syndrome: a randomized controlled trial,105,2020-09-08,PCOS & ovulation induction,locked 100-item mapping,Clomiphene-resistant women with polycystic ovary syndrome,5.979466119096509
17,Does the type of volume therapy influence endothelial-related coagulation in the critically ill?,1,2,11,14,0.07142857142857142,0.14285714285714285,Does the type of volume therapy influence endothelial-related coagulation in the critically ill?,71,2020-09-01,Volume therapy & colloids,locked 100-item mapping,Critically ill,5.9986310746064335
18,Volume replacement with hydroxyethyl starch solution in children,1,1,12,14,0.07142857142857142,0.07142857142857142,Volume replacement with hydroxyethyl starch solution in children,88,2020-09-01,Volume therapy & colloids,locked 100-item mapping,Cardiac surgery,5.9986310746064335
19,"Effect of dexmedetomidine as adjuvant in ropivacaine-induced supraclavicular brachial plexus block: a prospective, double-blinded and randomized controlled study",2,0,12,14,0.14285714285714285,0.0,"Effect of dexmedetomidine as adjuvant in ropivacaine-induced supraclavicular brachial plexus block: a prospective, double-blinded and randomized controlled study",97,2020-05-30,Perioperative pain & anesthesia,locked 100-item mapping,Supraclavicular brachial plexus block,6.2559890485968515
20,"Individualized homeopathic treatment and fluoxetine for moderate to severe depression in peri- and postmenopausal women (HOMDEP-MENOP Study): a randomized, double-dummy, double-blind, placebo-controlled trial",7,0,7,14,0.5,0.0,"Individualized homeopathic treatment and fluoxetine for moderate to severe depression in peri- and postmenopausal women (HOMDEP-MENOP Study): a randomized, double-dummy, double-blind, placebo-controlled trial",108,2020-04-23,Depression & psychiatric,locked 100-item mapping,Moderate to severe depression in peri- and postmenopausal women,6.357289527720739
21,Cardiac stem cells in patients with ischaemic cardiomyopathy (SCIPIO): initial results of a randomised phase 1 trial,3,11,0,14,0.21428571428571427,0.7857142857142857,Cardiac stem cells in patients with ischaemic cardiomyopathy (SCIPIO): initial results of a randomised phase 1 trial,1690,2019-03-14,Cardiovascular & hypertension,locked 100-item mapping,Ischaemic cardiomyopathy,7.468856947296373
22,The Effect of vitamin D supplementation on inflammatory and hemostatic markers and disease activity in patients with systemic lupus erythematosus: a randomized placebo-controlled trial,10,0,4,14,0.7142857142857143,0.0,The Effect of vitamin D supplementation on inflammatory and hemostatic markers and disease activity in patients with systemic lupus erythematosus: a randomized placebo-controlled trial,265,2018-12-01,Vitamin D supplementation,locked 100-item mapping,Systemic lupus erythematosus,7.750855578370979
23,Effectiveness of complementary pain treatment for women with deep endometriosis through transcutaneous electrical nerve stimulation (TENS): randomized controlled trial,7,0,7,14,0.5,0.0,Effectiveness of complementary pain treatment for women with deep endometriosis through transcutaneous electrical nerve stimulation (TENS): randomized controlled trial,72,2018-11-16,Autoimmune & inflammatory,locked 100-item mapping,Deep endometriosis,7.79192334017796
24,Comparison between valsartan and amlodipine regarding cardiovascular morbidity and mortality in hypertensive patients with glucose intolerance: NAGOYA HEART study,3,0,11,14,0.21428571428571427,0.0,Comparison between valsartan and amlodipine regarding cardiovascular morbidity and mortality in hypertensive patients with glucose intolerance: NAGOYA HEART study,72,2018-08-08,Cardiovascular & hypertension,locked 100-item mapping,Hypertensive patients with glucose intolerance,8.06570841889117
25,Menatetrenone and vitamin D2 with calcium supplements prevent nonvertebral fracture in elderly women with Alzheimer’s disease,7,3,4,14,0.5,0.21428571428571427,Menatetrenone and vitamin D2 with calcium supplements prevent nonvertebral fracture in elderly women with Alzheimer¡¯s disease,84,2017-11-14,Vitamin D supplementation,locked 100-item mapping,Alzheimer¡¯s disease,8.796714579055442
26,Low-dose vitamin D prevents muscular atrophy and reduces falls and hip fractures in women after stroke: a randomized controlled trial,10,0,4,14,0.7142857142857143,0.0,Low-dose vitamin D prevents muscular atrophy and reduces falls and hip fractures in women after stroke: a randomized controlled trial,597,2017-09-23,Vitamin D supplementation,locked 100-item mapping,Hip fractures in women after stroke,8.93908281998631
27,Amelioration of osteopenia and hypovitaminosis D by 1α-hydroxyvitamin D3 in elderly patients with Parkinson’s disease,10,1,3,14,0.7142857142857143,0.07142857142857142,Amelioration of osteopenia and hypovitaminosis D by 1¦Á-hydroxyvitamin D3 in elderly patients with Parkinson¡¯s disease,161,2017-08-28,Vitamin D supplementation,locked 100-item mapping,Parkinson¡¯s disease,9.010266940451745
28,Effects of decontamination of the oropharynx and intestinal tract on antibiotic resistance in ICUs: a randomized clinical trial,8,0,6,14,0.5714285714285714,0.0,Effects of decontamination of the oropharynx and intestinal tract on antibiotic resistance in ICUs: a randomized clinical trial,199,2017-04-18,Critical care & infection,locked 100-item mapping,Antibiotic resistance,9.371663244353183
29,Risedronate therapy for prevention of hip fracture after stroke in elderly women,10,2,2,14,0.7142857142857143,0.14285714285714285,Risedronate therapy for prevention of hip fracture after stroke in elderly women,109,2016-07-12,Musculoskeletal & fracture,locked 100-item mapping,Hip fracture after stroke,10.13826146475017
30,Pain management after total knee arthroplasty using a multimodal approach,0,0,14,14,0.0,0.0,Pain management after total knee arthroplasty using a multimodal approach,86,2016-07-01,Musculoskeletal & fracture,locked 100-item mapping,Total knee arthroplasty,10.168377823408624
31,Effect of folate and mecobalamin on hip fractures in patients with stroke: a randomized controlled trial,10,3,1,14,0.7142857142857143,0.21428571428571427,Effect of folate and mecobalamin on hip fractures in patients with stroke: a randomized controlled trial,428,2016-06-14,Musculoskeletal & fracture,locked 100-item mapping,Hip fractures in patients with stroke,10.21492128678987
32,Nuts as a replacement for carbohydrates in the diabetic diet,13,0,1,14,0.9285714285714286,0.0,Nuts as a replacement for carbohydrates in the diabetic diet,166,2016-02-01,Diabetes & metabolic,locked 100-item mapping,Diabetic diet,10.581793292265571
33,Effect of vitamin and trace-element supplementation on immune responses and infection in elderly subjects,7,2,5,14,0.5,0.14285714285714285,Effect of vitamin and trace-element supplementation on immune responses and infection in elderly subjects,841,2016-01-20,Other,locked 100-item mapping,Immune responses and infection,10.614647501711156
34,Effect of perindopril on large artery stiffness and aortic root diameter in patients with Marfan syndrome: a randomized controlled trial,11,0,3,14,0.7857142857142857,0.0,Effect of perindopril on large artery stiffness and aortic root diameter in patients with Marfan syndrome: a randomized controlled trial,239,2015-12-22,Cardiovascular & hypertension,locked 100-item mapping,Marfan syndrome,10.694045174537989
35,The effects of albumin versus hydroxyethyl starch solution on cardiorespiratory and circulatory variables in critically ill patients,0,0,14,14,0.0,0.0,The effects of albumin versus hydroxyethyl starch solution on cardiorespiratory and circulatory variables in critically ill patients,193,2014-11-01,Volume therapy & colloids,locked 100-item mapping,Cardiorespiratory and circulatory variables,11.832991101984941
36,"A randomized, double-blind, placebo-controlled study assessing the anti-inflammatory effects of ketamine in cardiac surgical patients",4,0,10,14,0.2857142857142857,0.0,"A randomized, double-blind, placebo-controlled study assessing the anti-inflammatory effects of ketamine in cardiac surgical patients",104,2014-10-01,Perioperative pain & anesthesia,locked 100-item mapping,Cardiac surgical,11.917864476386036
37,"Manuka honey vs. hydrogel - a prospective, open label, multicentre, randomised controlled trial to compare desloughing efficacy and healing outcomes in venous ulcers",9,0,5,14,0.6428571428571429,0.0,"Manuka honey vs. hydrogel - a prospective, open label, multicentre, randomised controlled trial to compare desloughing efficacy and healing outcomes in venous ulcers",217,2014-07-02,Other,locked 100-item mapping,Venous leg ulcer,12.167008898015059
38,Influence of different volume therapy regimens on regulators of the circulation in the critically ill,0,0,14,14,0.0,0.0,Influence of different volume therapy regimens on regulators of the circulation in the critically ill,97,2014-02-01,Volume therapy & colloids,locked 100-item mapping,Critically ill patients,12.580424366872005
39,Volume therapy in the critically ill: is there a difference?,0,1,13,14,0.0,0.07142857142857142,Volume therapy in the critically ill: is there a difference?,174,2013-11-23,Volume therapy & colloids,locked 100-item mapping,Critically ill,12.772073921971252
40,Colorectal infraperitoneal anastomosis: the effects of perioperative supplemental oxygen administration on the anastomotic dehiscence,1,0,13,14,0.07142857142857142,0.0,Colorectal infraperitoneal anastomosis: the effects of perioperative supplemental oxygen administration on the anastomotic dehiscence,66,2013-11-13,Gastrointestinal,locked 100-item mapping,Anastomotic dehiscence,12.799452429842573
41,CPAP for the metabolic syndrome in patients with obstructive sleep apnea,7,0,7,14,0.5,0.0,CPAP for the metabolic syndrome in patients with obstructive sleep apnea,510,2013-10-21,Diabetes & metabolic,locked 100-item mapping,Obstructive sleep apnea,12.862422997946611
42,Physical activity within a CBT intervention improves coping with pain in traumatized refugees: results of a randomized controlled design,5,0,9,14,0.35714285714285715,0.0,Physical activity within a CBT intervention improves coping with pain in traumatized refugees: results of a randomized controlled design,96,2013-10-01,Other,locked 100-item mapping,Posttraumatic stress disorder and chronic pain,12.917180013689254
43,Granisetron/dexamethasone combination for the prevention of postoperative nausea and vomiting after laparoscopic cholecystectomy,4,3,7,14,0.2857142857142857,0.21428571428571427,Granisetron/dexamethasone combination for the prevention of postoperative nausea and vomiting after laparoscopic cholecystectomy,97,2013-05-01,PONV & perioperative antiemetics,locked 100-item mapping,Laparoscopic cholecystectomy,13.336071184120465
44,Ramosetron vs granisetron for the prevention of postoperative nausea and vomiting after laparoscopic cholecystectomy,3,0,11,14,0.21428571428571427,0.0,Ramosetron vs granisetron for the prevention of postoperative nausea and vomiting after laparoscopic cholecystectomy,68,2013-04-27,PONV & perioperative antiemetics,locked 100-item mapping,Laparoscopic cholecystectomy,13.347022587268993
45,Effects of valsartan on morbidity and mortality in uncontrolled hypertensive patients with high cardiovascular risks: KYOTO heart study,2,5,7,14,0.14285714285714285,0.35714285714285715,Effects of valsartan on morbidity and mortality in uncontrolled hypertensive patients with high cardiovascular risks: KYOTO heart study,239,2013-02-01,Cardiovascular & hypertension,locked 100-item mapping,High cardiovascular risks,13.579739904175222
46,Granisetron-dexamethasone combination reduces postoperative nausea and vomiting,4,1,9,14,0.2857142857142857,0.07142857142857142,Granisetron-dexamethasone combination reduces postoperative nausea and vomiting,74,2012-11-27,PONV & perioperative antiemetics,locked 100-item mapping,Postoperative nausea and vomiting,13.760438056125942
47,Optimal anti-emetic dose of granisetron for preventing postoperative nausea and vomiting,5,3,6,14,0.35714285714285715,0.21428571428571427,Optimal anti-emetic dose of granisetron for preventing postoperative nausea and vomiting,94,2012-11-27,PONV & perioperative antiemetics,locked 100-item mapping,Post-operative nausea and vomiting,13.760438056125942
48,The efficacy of oral clonidine premedication in the prevention of postoperative vomiting in children following strabismus surgery,1,0,13,14,0.07142857142857142,0.0,The efficacy of oral clonidine premedication in the prevention of postoperative vomiting in children following strabismus surgery,67,2012-10-21,Perioperative pain & anesthesia,locked 100-item mapping,Postoperative vomiting in children following strabismus surgery,13.86173853524983
49,The effects of dexamethasone on antiemetics in female patients undergoing gynecologic surgery,5,1,8,14,0.35714285714285715,0.07142857142857142,The effects of dexamethasone on antiemetics in female patients undergoing gynecologic surgery,157,2012-10-01,PONV & perioperative antiemetics,locked 100-item mapping,Gynecologic surgery,13.91649555099247
50,Outcome of short proximal femoral nail antirotation and dynamic hip screw for fixation of unstable trochanteric fractures,1,0,13,14,0.07142857142857142,0.0,Outcome of short proximal femoral nail antirotation and dynamic hip screw for fixation of unstable trochanteric fractures. A randomised prospective comparative trial,130,2012-08-31,Musculoskeletal & fracture,locked 100-item mapping,Unstable trochanteric fractures,14.001368925393566
51,Long-term survival results of a randomized trial comparing gemcitabine/cisplatin and methotrexate/vinblastine/doxorubicin/cisplatin in patients with locally advanced and metastatic bladder cancer,1,0,13,14,0.07142857142857142,0.0,Long-term survival results of a randomized trial comparing gemcitabine/cisplatin and methotrexate/vinblastine/doxorubicin/cisplatin in patients with locally advanced and metastatic bladder cancer,153,2011-11-01,Other,locked 100-item mapping,Locally advanced and metastatic bladder cancer,14.833675564681725
52,Influence of volume therapy with a modern hydroxyethylstarch preparation on kidney function in cardiac surgery patients with compromised renal function: a comparison with human albumin,0,3,11,14,0.0,0.21428571428571427,Influence of volume therapy with a modern hydroxyethylstarch preparation on kidney function in cardiac surgery patients with compromised renal function: a comparison with human albumin,138,2011-10-01,Volume therapy & colloids,locked 100-item mapping,Kidney dysfunction cardiac surgery,14.91854893908282
53,Influence of a new hydroxyethylstarch preparation (HES 130/0.4) on coagulation in cardiac surgical patients,0,0,14,14,0.0,0.0,Influence of a new hydroxyethylstarch preparation (HES 130/0.4) on coagulation in cardiac surgical patients,144,2011-09-10,Volume therapy & colloids,locked 100-item mapping,Cardiac surgery,14.976043805612594
54,"Valsartan in a Japanese population with hypertension and other cardiovascular disease (Jikei Heart Study): a randomised, open-label, blinded endpoint morbidity-mortality study",7,3,4,14,0.5,0.21428571428571427,"Valsartan in a Japanese population with hypertension and other cardiovascular disease (Jikei Heart Study): a randomised, open-label, blinded endpoint morbidity-mortality study",528,2011-09-07,Cardiovascular & hypertension,locked 100-item mapping,Hypertension and other cardiovascular disease,14.984257357973991
55,"A comparison of nefopam and clonidine for the prevention of postanaesthetic shivering: a comparative, double-blind and placebo-controlled dose-ranging study",1,0,13,14,0.07142857142857142,0.0,"A comparison of nefopam and clonidine for the prevention of postanaesthetic shivering: a comparative, double-blind and placebo-controlled dose-ranging study",71,2011-06-21,Perioperative pain & anesthesia,locked 100-item mapping,Postanaesthetic shivering,15.197809719370294
56,Nefopam and clonidine in the prevention of postanaesthetic shivering,5,0,9,14,0.35714285714285715,0.0,Nefopam and clonidine in the prevention of postanaesthetic shivering,125,2011-06-21,Perioperative pain & anesthesia,locked 100-item mapping,Postanaesthetic shivering,15.197809719370294
57,Influence of two different volume replacement regimens on renal function in elderly patients undergoing cardiac surgery: comparison of a new starch preparation with gelatin,1,0,13,14,0.07142857142857142,0.0,Influence of two different volume replacement regimens on renal function in elderly patients undergoing cardiac surgery: comparison of a new starch preparation with gelatin,173,2011-05-21,Volume therapy & colloids,locked 100-item mapping,Cardiac surgery,15.28268309377139
58,Bispectral index in patients with target-controlled or manually-controlled infusion of propofol,3,0,11,14,0.21428571428571427,0.0,Bispectral index in patients with target-controlled or manually-controlled infusion of propofol,76,2011-05-01,Perioperative pain & anesthesia,locked 100-item mapping,Infusion of propofol,15.33744010951403
59,"Is albumin administration in hypoalbuminemic elderly cardiac surgery patients of benefit with regard to inflammation, endothelial activation, and long-term kidney function?",0,1,13,14,0.0,0.07142857142857142,"Is albumin administration in hypoalbuminemic elderly cardiac surgery patients of benefit with regard to inflammation, endothelial activation, and long-term kidney function?",67,2011-05-01,Volume therapy & colloids,locked 100-item mapping,Cardiac surgery,15.33744010951403
60,Cardiopulmonary bypass priming using a high dose of a balanced hydroxyethyl starch versus an albumin-based priming strategy,0,0,14,14,0.0,0.0,Cardiopulmonary bypass priming using a high dose of a balanced hydroxyethyl starch versus an albumin-based priming strategy,92,2010-12-01,Volume therapy & colloids,locked 100-item mapping,Coronary artery bypass grafting,15.75085557837098
61,Tai chi improves physical function in older Chinese women with knee osteoarthritis,0,0,14,14,0.0,0.0,Tai chi improves physical function in older Chinese women with knee osteoarthritis,82,2010-10-01,Musculoskeletal & fracture,locked 100-item mapping,Older chinese women with knee osteoarthritis,15.917864476386036
62,Combination treatment of angiotensin-II receptor blocker and angiotensin-converting-enzyme inhibitor in non-diabetic renal disease (COOPERATE): a randomised controlled trial,0,9,5,14,0.0,0.6428571428571429,Combination treatment of angiotensin-II receptor blocker and angiotensin-converting-enzyme inhibitor in non-diabetic renal disease (COOPERATE): a randomised controlled trial,1486,2009-10-10,Cardiovascular & hypertension,locked 100-item mapping,Non-diabetic renal disease,16.892539356605067
63,Single autologous stem-cell transplantation followed by maintenance therapy with thalidomide is superior to double autologous transplantation in multiple myeloma: results of a multicenter randomized clinical trial,0,0,14,14,0.0,0.0,Single autologous stem-cell transplantation followed by maintenance therapy with thalidomide is superior to double autologous transplantation in multiple myeloma: results of a multicenter randomized clinical trial,151,2009-06-11,Other,locked 100-item mapping,Multiple myeloma,17.22381930184805
64,Chemoembolization combined with radiofrequency ablation for patients with hepatocellular carcinoma larger than 3 cm,1,0,13,14,0.07142857142857142,0.0,Chemoembolization combined with radiofrequency ablation for patients with hepatocellular carcinoma larger than 3 cm,261,2009-05-13,Other,locked 100-item mapping,Hepatocellular carcinoma,17.30321697467488
65,A prospective randomized trial on the role of perioperative celecoxib administration for total knee arthroplasty: improving clinical outcomes,0,0,14,14,0.0,0.0,A prospective randomized trial on the role of perioperative celecoxib administration for total knee arthroplasty: improving clinical outcomes,79,2009-04-01,Musculoskeletal & fracture,locked 100-item mapping,Total knee arthroplasty,17.418206707734427
66,Postoperative analgesic effects of celecoxib or rofecoxib after spinal fusion surgery,6,5,3,14,0.42857142857142855,0.35714285714285715,Postoperative analgesic effects of celecoxib or rofecoxib after spinal fusion surgery,362,2009-04-01,Perioperative pain & anesthesia,locked 100-item mapping,Spinal fusion surgery,17.418206707734427
67,Effects of whey peptides on cardiovascular disease risk factors,4,0,10,14,0.2857142857142857,0.0,Effects of whey peptides on cardiovascular disease risk factors,129,2008-08-01,Cardiovascular & hypertension,locked 100-item mapping,Cardiovascular disease,18.083504449007528
68,"Comparison of sucrose, expressed breast milk, and breast-feeding on the neonatal response to heel prick",1,0,13,14,0.07142857142857142,0.0,"Comparison of sucrose, expressed breast milk, and breast-feeding on the neonatal response to heel prick",119,2003-08-29,Other,locked 100-item mapping,The neonatal response to heel prick,23.00889801505818
69,Can fresh embryo transfers be replaced by cryopreserved-thawed embryo transfers in assisted reproductive cycles? A randomized controlled trial,0,0,14,14,0.0,0.0,Can fresh embryo transfers be replaced by cryopreserved-thawed embryo transfers in assisted reproductive cycles? A randomized controlled trial,186,2013-08-23,Other,locked 100-item mapping,Assisted reproductive cycles,13.023956194387406
70,"Effect of whole-body vibration exercise on lumbar bone mineral density, bone turnover, and chronic back pain in post-menopausal osteoporotic women treated with alendronate",5,0,9,14,0.35714285714285715,0.0,"Effect of whole-body vibration exercise on lumbar bone mineral density, bone turnover, and chronic back pain in post-menopausal osteoporotic women treated with alendronate",249,2019-10-22,Musculoskeletal & fracture,locked 100-item mapping,Post-menopausal osteoporotic,6.861054072553046
71,A prospective randomized trial comparing tension-free vaginal tape and transobturator suburethral tape for surgical treatment of stress urinary incontinence,0,0,14,14,0.0,0.0,A prospective randomized trial comparing tension-free vaginal tape and transobturator suburethral tape for surgical treatment of stress urinary incontinence,406,2005-02-01,Other,locked 100-item mapping,Stress urinary incontinence,21.579739904175224
72,"The effect of spironolactone, cilazapril and their combination on albuminuria in patients with hypertension and diabetic nephropathy is independent of blood pressure reduction: a randomized controlled study",4,0,10,14,0.2857142857142857,0.0,"The effect of spironolactone, cilazapril and their combination on albuminuria in patients with hypertension and diabetic nephropathy is independent of blood pressure reduction: a randomized controlled study",199,2006-06-28,Cardiovascular & hypertension,locked 100-item mapping,Hypertension and diabetic nephropathy,20.177960301163587
73,Primary prevention of cardiovascular disease with a Mediterranean diet,13,1,0,14,0.9285714285714286,0.07142857142857142,Primary prevention of cardiovascular disease with a Mediterranean diet,5984,2018-06-13,Cardiovascular & hypertension,locked 100-item mapping,Cardiovascular disease,8.219028062970569
74,Antenatal corticosteroid administration before elective caesarean section at term to prevent neonatal respiratory morbidity: a randomized controlled trial,0,0,14,14,0.0,0.0,Antenatal corticosteroid administration before elective caesarean section at term to prevent neonatal respiratory morbidity: a randomized controlled trial,68,2022-05-04,Pregnancy & reproductive,locked 100-item mapping,Elective caesarean section,4.328542094455853
75,"Oral dydrogesterone treatment during early pregnancy to prevent recurrent pregnancy loss and its role in modulation of cytokine production: a double-blind, randomized, parallel, placebo-controlled trial",7,0,7,14,0.5,0.0,"Oral dydrogesterone treatment during early pregnancy to prevent recurrent pregnancy loss and its role in modulation of cytokine production: a double-blind, randomized, parallel, placebo-controlled trial",138,2023-02-28,Pregnancy & reproductive,locked 100-item mapping,Recurrent pregnancy,3.5071868583162216
76,Colon and rectal surgery for cancer without mechanical bowel preparation: one-center randomized prospective trial,0,0,14,14,0.0,0.0,Colon and rectal surgery for cancer without mechanical bowel preparation: one-center randomized prospective trial,68,2012-09-18,Other,locked 100-item mapping,Colon and rectal surgery for cancer,13.952087611225188
77,Acamprosate and its efficacy in treating alcohol dependent adolescents,7,0,7,14,0.5,0.0,Acamprosate and its efficacy in treating alcohol dependent adolescents,78,2012-11-06,Other,locked 100-item mapping,Alcohol dependent,13.817932922655714
78,Comparison of ramosetron and granisetron for preventing postoperative nausea and vomiting after gynecologic surgery,3,1,10,14,0.21428571428571427,0.07142857142857142,Comparison of ramosetron and granisetron for preventing postoperative nausea and vomiting after gynecologic surgery,74,2013-03-01,PONV & perioperative antiemetics,locked 100-item mapping,Postoperative nausea and vomiting,13.503080082135524
79,The impact of nurse short message services and telephone follow-ups on diabetic adherence: which one is more effective?,4,0,10,14,0.2857142857142857,0.0,The impact of nurse short message services and telephone follow-ups on diabetic adherence: which one is more effective?,167,2016-06-01,Diabetes & metabolic,locked 100-item mapping,Diabetic adherence,10.250513347022586
80,Anastrozole or letrozole for ovulation induction in clomiphene-resistant women with polycystic ovarian syndrome: a prospective randomized trial,7,0,7,14,0.5,0.0,Anastrozole or letrozole for ovulation induction in clomiphene-resistant women with polycystic ovarian syndrome: a prospective randomized trial,114,2020-09-08,PCOS & ovulation induction,locked 100-item mapping,Polycystic ovarian syndrome,5.979466119096509
81,Reduction of microalbuminuria in patients with type 2 diabetes: the Shiga Microalbuminuria Reduction Trial (SMART),1,0,13,14,0.07142857142857142,0.0,Reduction of microalbuminuria in patients with type 2 diabetes: the Shiga Microalbuminuria Reduction Trial (SMART),66,2014-03-01,Diabetes & metabolic,locked 100-item mapping,Type 2 diabetes,12.503764544832306
82,Reduction of postoperative nausea and vomiting with granisetron,4,3,7,14,0.2857142857142857,0.21428571428571427,Reduction of postoperative nausea and vomiting with granisetron,69,2012-11-27,PONV & perioperative antiemetics,locked 100-item mapping,Postoperative nausea and vomiting,13.760438056125942
83,Evaluation of efficacy of the perioperative administration of venlafaxine XR in the prevention of postmastectomy pain syndrome,1,1,12,14,0.07142857142857142,0.07142857142857142,Evaluation of efficacy of the perioperative administration of venlafaxine XR in the prevention of postmastectomy pain syndrome,146,2009-05-01,Perioperative pain & anesthesia,locked 100-item mapping,Postmastectomy pain syndrome,17.336071184120467
84,Prevention of propofol-induced injection pain by remifentanil: a placebo-controlled comparison with lidocaine,4,0,10,14,0.2857142857142857,0.0,Prevention of propofol-induced injection pain by remifentanil: a placebo-controlled comparison with lidocaine,92,2011-06-21,Perioperative pain & anesthesia,locked 100-item mapping,Propofol-induced injection pain,15.197809719370294
85,Brief communication: ramipril markedly improves walking ability in patients with peripheral arterial disease: a randomized trial,6,1,7,14,0.42857142857142855,0.07142857142857142,Brief communication: ramipril markedly improves walking ability in patients with peripheral arterial disease: a randomized trial,134,2006-05-02,Cardiovascular & hypertension,locked 100-item mapping,Peripheral arterial disease,20.334017796030118
86,Transcutaneous vagus nerve stimulation (tVNS) enhances response selection during action cascading processes,9,0,5,14,0.6428571428571429,0.0,Transcutaneous vagus nerve stimulation (tVNS) enhances response selection during action cascading processes,136,2022-08-26,Neurology,locked 100-item mapping,Transcutaneous vagus nerve stimulation,4.016427104722792
87,Length of survival and lymphocyte percentage in women with mammary cancer as a function of psychotherapy,0,0,14,14,0.0,0.0,Length of survival and lymphocyte percentage in women with mammary cancer as a function of psychotherapy,66,2020-02-10,Other,locked 100-item mapping,Terminal mammary cancer,6.5571526351813825
88,Mobile phone text messaging and Telephone follow-up in type 2 diabetic patients for 3 months: a comparative study,2,0,12,14,0.14285714285714285,0.0,Mobile phone text messaging and Telephone follow-up in type 2 diabetic patients for 3 months: a comparative study,66,2012-11-06,Diabetes & metabolic,locked 100-item mapping,Type 2 diabetic,13.817932922655714
89,"The efficacy and safety of diacerein in the treatment of painful osteoarthritis of the knee: a randomized, multicenter, double-blind, placebo-controlled study with primary end points at two months after the end of a three-month treatment period",3,0,11,14,0.21428571428571427,0.0,"The efficacy and safety of diacerein in the treatment of painful osteoarthritis of the knee: a randomized, multicenter, double-blind, placebo-controlled study with primary end points at two months after the end of a three-month treatment period",172,2023-06-20,Musculoskeletal & fracture,locked 100-item mapping,Painful osteoarthritis of the knee,3.2005475701574264
90,Gonadotropin-releasing hormone agonists for prevention of chemotherapy-induced ovarian damage: prospective randomized study,0,0,14,14,0.0,0.0,Gonadotropin-releasing hormone agonists for prevention of chemotherapy-induced ovarian damage: prospective randomized study,418,2023-07-27,Other,locked 100-item mapping,Ovarian damage,3.0992470910335386
91,Combined coenzyme q10 and clomiphene citrate for ovulation induction in clomiphene-citrate-resistant polycystic ovary syndrome,10,0,4,14,0.7142857142857143,0.0,Combined coenzyme q10 and clomiphene citrate for ovulation induction in clomiphene-citrate-resistant polycystic ovary syndrome,93,2023-09-06,PCOS & ovulation induction,locked 100-item mapping,Clomiphene-citrate-resistant polycystic ovary syndrome,2.9869952087611225
92,Does a single endometrial biopsy regimen (s-ebr) improve icsi outcome in patients with repeated implantation failure? A randomised controlled trial,1,0,13,14,0.07142857142857142,0.0,Does a single endometrial biopsy regimen (s-ebr) improve icsi outcome in patients with repeated implantation failure? A randomised controlled trial,136,2023-09-14,Pregnancy & reproductive,locked 100-item mapping,Repeated implantation failure,2.965092402464066
93,Adding l-carnitine to clomiphene resistant pcos women improves the quality of ovulation and the pregnancy rate,13,0,1,14,0.9285714285714286,0.0,Adding l-carnitine to clomiphene resistant pcos women improves the quality of ovulation and the pregnancy rate. A randomized clinical trial,98,2023-10-06,PCOS & ovulation induction,locked 100-item mapping,Clomiphene resistant pcos women,2.9048596851471595
94,Role of phyto-oestrogens in ovulation induction in women with polycystic ovarian syndrome,6,0,8,14,0.42857142857142855,0.0,Role of phyto-oestrogens in ovulation induction in women with polycystic ovarian syndrome,75,2023-11-01,PCOS & ovulation induction,locked 100-item mapping,Polycystic ovarian syndrome,2.833675564681725
95,Low-to-moderate intensity aerobic exercise training modulates irritable bowel syndrome through antioxidative and inflammatory mechanisms in women: results of a randomized controlled trial,5,0,9,14,0.35714285714285715,0.0,Low-to-moderate intensity aerobic exercise training modulates irritable bowel syndrome through antioxidative and inflammatory mechanisms in women: results of a randomized controlled trial,92,2023-12-05,Gastrointestinal,locked 100-item mapping,Irritable bowel syndrome,2.7405886379192332
96,"Macitentan for the treatment of inoperable chronic thromboembolic pulmonary hypertension (merit-1): results from the multicentre, phase 2, randomised, double-blind, placebo-controlled study",13,0,1,14,0.9285714285714286,0.0,"Macitentan for the treatment of inoperable chronic thromboembolic pulmonary hypertension (merit-1): results from the multicentre, phase 2, randomised, double-blind, placebo-controlled study",326,2024-03-26,Cardiovascular & hypertension,locked 100-item mapping,Inoperable chronic thromboembolic pulmonary hypertension,2.433949349760438
97,Volume therapy with a new hydroxyethyl starch solution in cardiac surgical patients before cardiopulmonary bypass,0,1,13,14,0.0,0.07142857142857142,Volume therapy with a new hydroxyethyl starch solution in cardiac surgical patients before cardiopulmonary bypass,102,2024-06-05,Volume therapy & colloids,locked 100-item mapping,Cardiac surgical patients before cardiopulmonary bypass,2.239561943874059
98,Pain management in cardiac surgery patients: comparison between standard therapy and patient-controlled analgesia regimen,1,0,13,14,0.07142857142857142,0.0,Pain management in cardiac surgery patients: comparison between standard therapy and patient-controlled analgesia regimen,95,2024-06-09,Perioperative pain & anesthesia,locked 100-item mapping,Cardiac surgery,2.2286105407255303
99,"Probiotic supplementation and the effects on weight loss, glycaemia and lipid profiles in women with polycystic ovary syndrome: a randomized, double-blind, placebo-controlled trial",4,0,10,14,0.2857142857142857,0.0,"Probiotic supplementation and the effects on weight loss, glycaemia and lipid profiles in women with polycystic ovary syndrome: a randomized, double-blind, placebo-controlled trial",117,2024-07-02,PCOS & ovulation induction,locked 100-item mapping,Polycystic ovary syndrome,2.1656399726214923
100,Progesterone effects on preterm birth in high-risk pregnancies: a randomized placebo-controlled trial,0,0,14,14,0.0,0.0,Progesterone effects on preterm birth in high-risk pregnancies: a randomized placebo-controlled trial,204,2024-07-24,Pregnancy & reproductive,locked 100-item mapping,Preterm birth in high-risk pregnancies,2.105407255304586
